Postal Code,Date,Hour,Type,Price-Plan (Not Important),Total Consumption (kWh),Premise Count (Not Important)
M5S,1/1/2020,1,Residential,TOU,3907.5,5760
M5S,1/1/2020,2,Residential,TOU,3822.9,5760
M5S,1/1/2020,3,Residential,TOU,3636.1,5760
M5S,1/1/2020,4,Residential,TOU,3505.1,5760
M5S,1/1/2020,5,Residential,TOU,3427.1,5760
M5S,1/1/2020,6,Residential,TOU,3385,5760
M5S,1/1/2020,7,Residential,TOU,3398.6,5760
M5S,1/1/2020,8,Residential,TOU,3439,5760
M5S,1/1/2020,9,Residential,TOU,3603,5760
M5S,1/1/2020,10,Residential,TOU,3782.4,5760
M5S,1/1/2020,11,Residential,TOU,4049.7,5760
M5S,1/1/2020,12,Residential,TOU,4278.2,5760
M5S,1/1/2020,13,Residential,TOU,4525,5760
M5S,1/1/2020,14,Residential,TOU,4609.3,5760
M5S,1/1/2020,15,Residential,TOU,4603,5760
M5S,1/1/2020,16,Residential,TOU,4493.6,5760
M5S,1/1/2020,17,Residential,TOU,4616.7,5760
M5S,1/1/2020,18,Residential,TOU,5173.6,5760
M5S,1/1/2020,19,Residential,TOU,5366.5,5760
M5S,1/1/2020,20,Residential,TOU,5290.7,5760
M5S,1/1/2020,21,Residential,TOU,5189.7,5760
M5S,1/1/2020,22,Residential,TOU,5025.2,5760
M5S,1/1/2020,23,Residential,TOU,4730.9,5760
M5S,1/1/2020,24,Residential,TOU,4319.3,5760
M5S,1/2/2020,1,Residential,TOU,3898.9,5760
M5S,1/2/2020,2,Residential,TOU,3641.5,5760
M5S,1/2/2020,3,Residential,TOU,3434.4,5760
M5S,1/2/2020,4,Residential,TOU,3277.6,5760
M5S,1/2/2020,5,Residential,TOU,3183,5760
M5S,1/2/2020,6,Residential,TOU,3227.3,5760
M5S,1/2/2020,7,Residential,TOU,3306.7,5760
M5S,1/2/2020,8,Residential,TOU,3560.3,5760
M5S,1/2/2020,9,Residential,TOU,3818.1,5760
M5S,1/2/2020,10,Residential,TOU,3874.2,5760
M5S,1/2/2020,11,Residential,TOU,3978.3,5760
M5S,1/2/2020,12,Residential,TOU,4158.5,5760
M5S,1/2/2020,13,Residential,TOU,4100.4,5760
M5S,1/2/2020,14,Residential,TOU,4128.4,5760
M5S,1/2/2020,15,Residential,TOU,4063.3,5760
M5S,1/2/2020,16,Residential,TOU,4004.4,5760
M5S,1/2/2020,17,Residential,TOU,4271.8,5760
M5S,1/2/2020,18,Residential,TOU,4694.4,5760
M5S,1/2/2020,19,Residential,TOU,4981.3,5760
M5S,1/2/2020,20,Residential,TOU,5058.9,5760
M5S,1/2/2020,21,Residential,TOU,4914.2,5760
M5S,1/2/2020,22,Residential,TOU,4778.4,5760
M5S,1/2/2020,23,Residential,TOU,4537.4,5760
M5S,1/2/2020,24,Residential,TOU,4162.5,5760
M5S,1/3/2020,1,Residential,TOU,3772.4,5760
M5S,1/3/2020,2,Residential,TOU,3398.6,5760
M5S,1/3/2020,3,Residential,TOU,3146.5,5760
M5S,1/3/2020,4,Residential,TOU,3003.4,5760
M5S,1/3/2020,5,Residential,TOU,2967.5,5760
M5S,1/3/2020,6,Residential,TOU,3000.8,5760
M5S,1/3/2020,7,Residential,TOU,3073.1,5760
M5S,1/3/2020,8,Residential,TOU,3302.9,5760
M5S,1/3/2020,9,Residential,TOU,3620.1,5760
M5S,1/3/2020,10,Residential,TOU,3797,5760
M5S,1/3/2020,11,Residential,TOU,3853.1,5760
M5S,1/3/2020,12,Residential,TOU,3957.4,5760
M5S,1/3/2020,13,Residential,TOU,4081.1,5760
M5S,1/3/2020,14,Residential,TOU,4039.9,5760
M5S,1/3/2020,15,Residential,TOU,4063.1,5760
M5S,1/3/2020,16,Residential,TOU,4043.9,5760
M5S,1/3/2020,17,Residential,TOU,4140.4,5760
M5S,1/3/2020,18,Residential,TOU,4472.6,5760
M5S,1/3/2020,19,Residential,TOU,4731.2,5760
M5S,1/3/2020,20,Residential,TOU,4751.1,5760
M5S,1/3/2020,21,Residential,TOU,4641.4,5760
M5S,1/3/2020,22,Residential,TOU,4479.6,5760
M5S,1/3/2020,23,Residential,TOU,4315.9,5760
M5S,1/3/2020,24,Residential,TOU,4037.4,5760
M5S,1/4/2020,1,Residential,TOU,3748.6,5760
M5S,1/4/2020,2,Residential,TOU,3449.4,5760
M5S,1/4/2020,3,Residential,TOU,3253.4,5760
M5S,1/4/2020,4,Residential,TOU,3143.6,5760
M5S,1/4/2020,5,Residential,TOU,3063.7,5760
M5S,1/4/2020,6,Residential,TOU,3077,5760
M5S,1/4/2020,7,Residential,TOU,3154.7,5760
M5S,1/4/2020,8,Residential,TOU,3307.3,5760
M5S,1/4/2020,9,Residential,TOU,3574.8,5760
M5S,1/4/2020,10,Residential,TOU,3945.7,5760
M5S,1/4/2020,11,Residential,TOU,4301.2,5760
M5S,1/4/2020,12,Residential,TOU,4531.7,5760
M5S,1/4/2020,13,Residential,TOU,4694.7,5760
M5S,1/4/2020,14,Residential,TOU,4739.7,5760
M5S,1/4/2020,15,Residential,TOU,4689.3,5760
M5S,1/4/2020,16,Residential,TOU,4667.4,5760
M5S,1/4/2020,17,Residential,TOU,4862.4,5760
M5S,1/4/2020,18,Residential,TOU,5176.1,5760
M5S,1/4/2020,19,Residential,TOU,5346.1,5760
M5S,1/4/2020,20,Residential,TOU,5236.3,5760
M5S,1/4/2020,21,Residential,TOU,5072,5760
M5S,1/4/2020,22,Residential,TOU,4906.7,5760
M5S,1/4/2020,23,Residential,TOU,4628.2,5760
M5S,1/4/2020,24,Residential,TOU,4325.2,5760
M5S,1/5/2020,1,Residential,TOU,4002.1,5760
M5S,1/5/2020,2,Residential,TOU,3766.2,5760
M5S,1/5/2020,3,Residential,TOU,3544.6,5760
M5S,1/5/2020,4,Residential,TOU,3364.1,5760
M5S,1/5/2020,5,Residential,TOU,3280.3,5760
M5S,1/5/2020,6,Residential,TOU,3291.5,5760
M5S,1/5/2020,7,Residential,TOU,3337.3,5760
M5S,1/5/2020,8,Residential,TOU,3510.6,5760
M5S,1/5/2020,9,Residential,TOU,3826.7,5760
M5S,1/5/2020,10,Residential,TOU,4178.8,5760
M5S,1/5/2020,11,Residential,TOU,4390.3,5760
M5S,1/5/2020,12,Residential,TOU,4528,5760
M5S,1/5/2020,13,Residential,TOU,4780.9,5760
M5S,1/5/2020,14,Residential,TOU,4850.9,5760
M5S,1/5/2020,15,Residential,TOU,4959.1,5760
M5S,1/5/2020,16,Residential,TOU,4974.5,5760
M5S,1/5/2020,17,Residential,TOU,5291.7,5760
M5S,1/5/2020,18,Residential,TOU,5705.3,5760
M5S,1/5/2020,19,Residential,TOU,5913.6,5760
M5S,1/5/2020,20,Residential,TOU,5956.9,5760
M5S,1/5/2020,21,Residential,TOU,5794.7,5760
M5S,1/5/2020,22,Residential,TOU,5544.1,5760
M5S,1/5/2020,23,Residential,TOU,5153.6,5760
M5S,1/5/2020,24,Residential,TOU,4687.5,5760
M5S,1/6/2020,1,Residential,TOU,4133.3,5760
M5S,1/6/2020,2,Residential,TOU,3732.3,5760
M5S,1/6/2020,3,Residential,TOU,3495.7,5760
M5S,1/6/2020,4,Residential,TOU,3343.6,5760
M5S,1/6/2020,5,Residential,TOU,3319,5760
M5S,1/6/2020,6,Residential,TOU,3369.1,5760
M5S,1/6/2020,7,Residential,TOU,3621.2,5760
M5S,1/6/2020,8,Residential,TOU,4077.4,5760
M5S,1/6/2020,9,Residential,TOU,4383.7,5760
M5S,1/6/2020,10,Residential,TOU,4220.4,5760
M5S,1/6/2020,11,Residential,TOU,4224.3,5760
M5S,1/6/2020,12,Residential,TOU,4374.4,5760
M5S,1/6/2020,13,Residential,TOU,4298.4,5760
M5S,1/6/2020,14,Residential,TOU,4114.7,5760
M5S,1/6/2020,15,Residential,TOU,4022.1,5760
M5S,1/6/2020,16,Residential,TOU,4128.6,5760
M5S,1/6/2020,17,Residential,TOU,4406.3,5760
M5S,1/6/2020,18,Residential,TOU,5028.8,5760
M5S,1/6/2020,19,Residential,TOU,5743.5,5760
M5S,1/6/2020,20,Residential,TOU,5841.4,5760
M5S,1/6/2020,21,Residential,TOU,5734.9,5760
M5S,1/6/2020,22,Residential,TOU,5545,5760
M5S,1/6/2020,23,Residential,TOU,5255.5,5760
M5S,1/6/2020,24,Residential,TOU,4786.2,5760
M5S,1/7/2020,1,Residential,TOU,4292.8,5760
M5S,1/7/2020,2,Residential,TOU,3920.3,5760
M5S,1/7/2020,3,Residential,TOU,3652.7,5760
M5S,1/7/2020,4,Residential,TOU,3559.4,5760
M5S,1/7/2020,5,Residential,TOU,3515.3,5760
M5S,1/7/2020,6,Residential,TOU,3604.3,5760
M5S,1/7/2020,7,Residential,TOU,3829,5760
M5S,1/7/2020,8,Residential,TOU,4328.3,5760
M5S,1/7/2020,9,Residential,TOU,4607.7,5760
M5S,1/7/2020,10,Residential,TOU,4483.4,5760
M5S,1/7/2020,11,Residential,TOU,4405.7,5760
M5S,1/7/2020,12,Residential,TOU,4297.8,5760
M5S,1/7/2020,13,Residential,TOU,4248.4,5760
M5S,1/7/2020,14,Residential,TOU,4115.6,5760
M5S,1/7/2020,15,Residential,TOU,4084.4,5760
M5S,1/7/2020,16,Residential,TOU,4003.2,5760
M5S,1/7/2020,17,Residential,TOU,4230.9,5760
M5S,1/7/2020,18,Residential,TOU,4860.3,5760
M5S,1/7/2020,19,Residential,TOU,5404.5,5760
M5S,1/7/2020,20,Residential,TOU,5554.1,5760
M5S,1/7/2020,21,Residential,TOU,5431,5760
M5S,1/7/2020,22,Residential,TOU,5346.8,5760
M5S,1/7/2020,23,Residential,TOU,5069.2,5760
M5S,1/7/2020,24,Residential,TOU,4617,5760
M5S,1/8/2020,1,Residential,TOU,4164,5760
M5S,1/8/2020,2,Residential,TOU,3783.3,5760
M5S,1/8/2020,3,Residential,TOU,3536.9,5760
M5S,1/8/2020,4,Residential,TOU,3464.7,5760
M5S,1/8/2020,5,Residential,TOU,3432,5760
M5S,1/8/2020,6,Residential,TOU,3515.8,5760
M5S,1/8/2020,7,Residential,TOU,3800.8,5760
M5S,1/8/2020,8,Residential,TOU,4366,5760
M5S,1/8/2020,9,Residential,TOU,4631.5,5760
M5S,1/8/2020,10,Residential,TOU,4481.5,5760
M5S,1/8/2020,11,Residential,TOU,4423.9,5760
M5S,1/8/2020,12,Residential,TOU,4453.2,5760
M5S,1/8/2020,13,Residential,TOU,4424.2,5760
M5S,1/8/2020,14,Residential,TOU,4407.1,5760
M5S,1/8/2020,15,Residential,TOU,4432.9,5760
M5S,1/8/2020,16,Residential,TOU,4423,5760
M5S,1/8/2020,17,Residential,TOU,4831.1,5760
M5S,1/8/2020,18,Residential,TOU,5450.5,5760
M5S,1/8/2020,19,Residential,TOU,6038,5760
M5S,1/8/2020,20,Residential,TOU,6259.8,5760
M5S,1/8/2020,21,Residential,TOU,6273.2,5760
M5S,1/8/2020,22,Residential,TOU,6012.1,5760
M5S,1/8/2020,23,Residential,TOU,5724.6,5760
M5S,1/8/2020,24,Residential,TOU,5319.6,5760
M5S,1/9/2020,1,Residential,TOU,4802.7,5760
M5S,1/9/2020,2,Residential,TOU,4409.3,5760
M5S,1/9/2020,3,Residential,TOU,4148.1,5760
M5S,1/9/2020,4,Residential,TOU,4038.3,5760
M5S,1/9/2020,5,Residential,TOU,4038.9,5760
M5S,1/9/2020,6,Residential,TOU,4059.7,5760
M5S,1/9/2020,7,Residential,TOU,4309.7,5760
M5S,1/9/2020,8,Residential,TOU,4873.9,5760
M5S,1/9/2020,9,Residential,TOU,5211.9,5760
M5S,1/9/2020,10,Residential,TOU,5089.1,5760
M5S,1/9/2020,11,Residential,TOU,5034,5760
M5S,1/9/2020,12,Residential,TOU,4887.8,5760
M5S,1/9/2020,13,Residential,TOU,4816.3,5760
M5S,1/9/2020,14,Residential,TOU,4727.8,5760
M5S,1/9/2020,15,Residential,TOU,4664.5,5760
M5S,1/9/2020,16,Residential,TOU,4625.3,5760
M5S,1/9/2020,17,Residential,TOU,4924.8,5760
M5S,1/9/2020,18,Residential,TOU,5422.2,5760
M5S,1/9/2020,19,Residential,TOU,5880.5,5760
M5S,1/9/2020,20,Residential,TOU,6062.2,5760
M5S,1/9/2020,21,Residential,TOU,6036.4,5760
M5S,1/9/2020,22,Residential,TOU,5803.6,5760
M5S,1/9/2020,23,Residential,TOU,5378.3,5760
M5S,1/9/2020,24,Residential,TOU,4899.3,5760
M5S,1/10/2020,1,Residential,TOU,4384.9,5760
M5S,1/10/2020,2,Residential,TOU,3953.4,5760
M5S,1/10/2020,3,Residential,TOU,3626.8,5760
M5S,1/10/2020,4,Residential,TOU,3471.9,5760
M5S,1/10/2020,5,Residential,TOU,3394.1,5760
M5S,1/10/2020,6,Residential,TOU,3399.5,5760
M5S,1/10/2020,7,Residential,TOU,3645.6,5760
M5S,1/10/2020,8,Residential,TOU,4098.2,5760
M5S,1/10/2020,9,Residential,TOU,4388.8,5760
M5S,1/10/2020,10,Residential,TOU,4403.7,5760
M5S,1/10/2020,11,Residential,TOU,4392.2,5760
M5S,1/10/2020,12,Residential,TOU,4419,5760
M5S,1/10/2020,13,Residential,TOU,4455.7,5760
M5S,1/10/2020,14,Residential,TOU,4341,5760
M5S,1/10/2020,15,Residential,TOU,4291,5760
M5S,1/10/2020,16,Residential,TOU,4271,5760
M5S,1/10/2020,17,Residential,TOU,4450.3,5760
M5S,1/10/2020,18,Residential,TOU,4817.6,5760
M5S,1/10/2020,19,Residential,TOU,5074.7,5760
M5S,1/10/2020,20,Residential,TOU,5076,5760
M5S,1/10/2020,21,Residential,TOU,4866.5,5760
M5S,1/10/2020,22,Residential,TOU,4696.2,5760
M5S,1/10/2020,23,Residential,TOU,4519.1,5760
M5S,1/10/2020,24,Residential,TOU,4147.7,5760
M5S,1/11/2020,1,Residential,TOU,3800.1,5760
M5S,1/11/2020,2,Residential,TOU,3438.6,5760
M5S,1/11/2020,3,Residential,TOU,3238.8,5760
M5S,1/11/2020,4,Residential,TOU,3106.8,5760
M5S,1/11/2020,5,Residential,TOU,2964.7,5760
M5S,1/11/2020,6,Residential,TOU,2919,5760
M5S,1/11/2020,7,Residential,TOU,2973.2,5760
M5S,1/11/2020,8,Residential,TOU,3153.4,5760
M5S,1/11/2020,9,Residential,TOU,3492.4,5760
M5S,1/11/2020,10,Residential,TOU,3856.6,5760
M5S,1/11/2020,11,Residential,TOU,4186.3,5760
M5S,1/11/2020,12,Residential,TOU,4477.1,5760
M5S,1/11/2020,13,Residential,TOU,4794.6,5760
M5S,1/11/2020,14,Residential,TOU,4975.6,5760
M5S,1/11/2020,15,Residential,TOU,4971.7,5760
M5S,1/11/2020,16,Residential,TOU,4956.9,5760
M5S,1/11/2020,17,Residential,TOU,5147.9,5760
M5S,1/11/2020,18,Residential,TOU,5416.5,5760
M5S,1/11/2020,19,Residential,TOU,5600,5760
M5S,1/11/2020,20,Residential,TOU,5459.8,5760
M5S,1/11/2020,21,Residential,TOU,5172.2,5760
M5S,1/11/2020,22,Residential,TOU,4944.5,5760
M5S,1/11/2020,23,Residential,TOU,4699.1,5760
M5S,1/11/2020,24,Residential,TOU,4334.1,5760
M5S,1/12/2020,1,Residential,TOU,4029,5760
M5S,1/12/2020,2,Residential,TOU,3745.6,5760
M5S,1/12/2020,3,Residential,TOU,3498.5,5760
M5S,1/12/2020,4,Residential,TOU,3346.6,5760
M5S,1/12/2020,5,Residential,TOU,3228.8,5760
M5S,1/12/2020,6,Residential,TOU,3205.1,5760
M5S,1/12/2020,7,Residential,TOU,3350.1,5760
M5S,1/12/2020,8,Residential,TOU,3647.7,5760
M5S,1/12/2020,9,Residential,TOU,4070.3,5760
M5S,1/12/2020,10,Residential,TOU,4462.1,5760
M5S,1/12/2020,11,Residential,TOU,4815.7,5760
M5S,1/12/2020,12,Residential,TOU,5060.8,5760
M5S,1/12/2020,13,Residential,TOU,5198.8,5760
M5S,1/12/2020,14,Residential,TOU,5336.7,5760
M5S,1/12/2020,15,Residential,TOU,5318.1,5760
M5S,1/12/2020,16,Residential,TOU,5239.7,5760
M5S,1/12/2020,17,Residential,TOU,5552.2,5760
M5S,1/12/2020,18,Residential,TOU,6169.1,5760
M5S,1/12/2020,19,Residential,TOU,6438,5760
M5S,1/12/2020,20,Residential,TOU,6368.7,5760
M5S,1/12/2020,21,Residential,TOU,6190.2,5760
M5S,1/12/2020,22,Residential,TOU,5982.2,5760
M5S,1/12/2020,23,Residential,TOU,5585.3,5760
M5S,1/12/2020,24,Residential,TOU,5029.1,5760
M5S,1/13/2020,1,Residential,TOU,4433.4,5760
M5S,1/13/2020,2,Residential,TOU,4155.2,5760
M5S,1/13/2020,3,Residential,TOU,3860.1,5760
M5S,1/13/2020,4,Residential,TOU,3697.2,5760
M5S,1/13/2020,5,Residential,TOU,3632.1,5760
M5S,1/13/2020,6,Residential,TOU,3693.5,5760
M5S,1/13/2020,7,Residential,TOU,3938.3,5760
M5S,1/13/2020,8,Residential,TOU,4444.1,5760
M5S,1/13/2020,9,Residential,TOU,4781.4,5760
M5S,1/13/2020,10,Residential,TOU,4705.6,5760
M5S,1/13/2020,11,Residential,TOU,4695.8,5760
M5S,1/13/2020,12,Residential,TOU,4685,5760
M5S,1/13/2020,13,Residential,TOU,4626.6,5760
M5S,1/13/2020,14,Residential,TOU,4590.2,5760
M5S,1/13/2020,15,Residential,TOU,4474.4,5760
M5S,1/13/2020,16,Residential,TOU,4473,5760
M5S,1/13/2020,17,Residential,TOU,4693.3,5760
M5S,1/13/2020,18,Residential,TOU,5099.2,5760
M5S,1/13/2020,19,Residential,TOU,5576.8,5760
M5S,1/13/2020,20,Residential,TOU,5865.8,5760
M5S,1/13/2020,21,Residential,TOU,5810.7,5760
M5S,1/13/2020,22,Residential,TOU,5617.8,5760
M5S,1/13/2020,23,Residential,TOU,5237.7,5760
M5S,1/13/2020,24,Residential,TOU,4703.4,5760
M5S,1/14/2020,1,Residential,TOU,4235.6,5760
M5S,1/14/2020,2,Residential,TOU,3852.4,5760
M5S,1/14/2020,3,Residential,TOU,3567.4,5760
M5S,1/14/2020,4,Residential,TOU,3433.5,5760
M5S,1/14/2020,5,Residential,TOU,3384.2,5760
M5S,1/14/2020,6,Residential,TOU,3470.6,5760
M5S,1/14/2020,7,Residential,TOU,3740.6,5760
M5S,1/14/2020,8,Residential,TOU,4233.2,5760
M5S,1/14/2020,9,Residential,TOU,4523.3,5760
M5S,1/14/2020,10,Residential,TOU,4486.8,5760
M5S,1/14/2020,11,Residential,TOU,4372.9,5760
M5S,1/14/2020,12,Residential,TOU,4363.8,5760
M5S,1/14/2020,13,Residential,TOU,4334.2,5760
M5S,1/14/2020,14,Residential,TOU,4302.6,5760
M5S,1/14/2020,15,Residential,TOU,4240.6,5760
M5S,1/14/2020,16,Residential,TOU,4257,5760
M5S,1/14/2020,17,Residential,TOU,4475.8,5760
M5S,1/14/2020,18,Residential,TOU,4972.1,5760
M5S,1/14/2020,19,Residential,TOU,5395,5760
M5S,1/14/2020,20,Residential,TOU,5530.3,5760
M5S,1/14/2020,21,Residential,TOU,5503,5760
M5S,1/14/2020,22,Residential,TOU,5466.2,5760
M5S,1/14/2020,23,Residential,TOU,5140.1,5760
M5S,1/14/2020,24,Residential,TOU,4605.1,5760
M5S,1/15/2020,1,Residential,TOU,4086.1,5760
M5S,1/15/2020,2,Residential,TOU,3648.1,5760
M5S,1/15/2020,3,Residential,TOU,3423.8,5760
M5S,1/15/2020,4,Residential,TOU,3301.8,5760
M5S,1/15/2020,5,Residential,TOU,3264.5,5760
M5S,1/15/2020,6,Residential,TOU,3318.6,5760
M5S,1/15/2020,7,Residential,TOU,3600.9,5760
M5S,1/15/2020,8,Residential,TOU,4077.7,5760
M5S,1/15/2020,9,Residential,TOU,4406.3,5760
M5S,1/15/2020,10,Residential,TOU,4309.9,5760
M5S,1/15/2020,11,Residential,TOU,4211.4,5760
M5S,1/15/2020,12,Residential,TOU,4223.7,5760
M5S,1/15/2020,13,Residential,TOU,4243.7,5760
M5S,1/15/2020,14,Residential,TOU,4079.5,5760
M5S,1/15/2020,15,Residential,TOU,4059.2,5760
M5S,1/15/2020,16,Residential,TOU,4104.4,5760
M5S,1/15/2020,17,Residential,TOU,4269.3,5760
M5S,1/15/2020,18,Residential,TOU,4750.6,5760
M5S,1/15/2020,19,Residential,TOU,5273.3,5760
M5S,1/15/2020,20,Residential,TOU,5435.9,5760
M5S,1/15/2020,21,Residential,TOU,5444.7,5760
M5S,1/15/2020,22,Residential,TOU,5319.5,5760
M5S,1/15/2020,23,Residential,TOU,5044.3,5760
M5S,1/15/2020,24,Residential,TOU,4608,5760
M5S,1/16/2020,1,Residential,TOU,4106.2,5760
M5S,1/16/2020,2,Residential,TOU,3684.8,5760
M5S,1/16/2020,3,Residential,TOU,3427.6,5760
M5S,1/16/2020,4,Residential,TOU,3308.1,5760
M5S,1/16/2020,5,Residential,TOU,3279,5760
M5S,1/16/2020,6,Residential,TOU,3333.8,5760
M5S,1/16/2020,7,Residential,TOU,3613.7,5760
M5S,1/16/2020,8,Residential,TOU,4143.6,5760
M5S,1/16/2020,9,Residential,TOU,4444.9,5760
M5S,1/16/2020,10,Residential,TOU,4297.6,5760
M5S,1/16/2020,11,Residential,TOU,4142.6,5760
M5S,1/16/2020,12,Residential,TOU,4178.9,5760
M5S,1/16/2020,13,Residential,TOU,4155.2,5760
M5S,1/16/2020,14,Residential,TOU,4156,5760
M5S,1/16/2020,15,Residential,TOU,4083.8,5760
M5S,1/16/2020,16,Residential,TOU,4059.1,5760
M5S,1/16/2020,17,Residential,TOU,4375,5760
M5S,1/16/2020,18,Residential,TOU,5049.9,5760
M5S,1/16/2020,19,Residential,TOU,5600,5760
M5S,1/16/2020,20,Residential,TOU,5825.1,5760
M5S,1/16/2020,21,Residential,TOU,5892.7,5760
M5S,1/16/2020,22,Residential,TOU,5891.9,5760
M5S,1/16/2020,23,Residential,TOU,5651.1,5760
M5S,1/16/2020,24,Residential,TOU,5253.7,5760
M5S,1/17/2020,1,Residential,TOU,4875.4,5760
M5S,1/17/2020,2,Residential,TOU,4520.8,5760
M5S,1/17/2020,3,Residential,TOU,4301.6,5760
M5S,1/17/2020,4,Residential,TOU,4178.9,5760
M5S,1/17/2020,5,Residential,TOU,4140,5760
M5S,1/17/2020,6,Residential,TOU,4262.6,5760
M5S,1/17/2020,7,Residential,TOU,4522.9,5760
M5S,1/17/2020,8,Residential,TOU,5064,5760
M5S,1/17/2020,9,Residential,TOU,5311.7,5760
M5S,1/17/2020,10,Residential,TOU,5191.6,5760
M5S,1/17/2020,11,Residential,TOU,5068.4,5760
M5S,1/17/2020,12,Residential,TOU,5061.9,5760
M5S,1/17/2020,13,Residential,TOU,4988.9,5760
M5S,1/17/2020,14,Residential,TOU,4773.7,5760
M5S,1/17/2020,15,Residential,TOU,4688.9,5760
M5S,1/17/2020,16,Residential,TOU,4746.5,5760
M5S,1/17/2020,17,Residential,TOU,5048.7,5759
M5S,1/17/2020,18,Residential,TOU,5592.4,5759
M5S,1/17/2020,19,Residential,TOU,6041.4,5759
M5S,1/17/2020,20,Residential,TOU,6144.8,5759
M5S,1/17/2020,21,Residential,TOU,6033.1,5759
M5S,1/17/2020,22,Residential,TOU,5899.9,5759
M5S,1/17/2020,23,Residential,TOU,5658.1,5759
M5S,1/17/2020,24,Residential,TOU,5362.6,5759
M5S,1/18/2020,1,Residential,TOU,4942.8,5759
M5S,1/18/2020,2,Residential,TOU,4634.4,5759
M5S,1/18/2020,3,Residential,TOU,4338.3,5759
M5S,1/18/2020,4,Residential,TOU,4206.6,5759
M5S,1/18/2020,5,Residential,TOU,4125.2,5759
M5S,1/18/2020,6,Residential,TOU,4107.8,5759
M5S,1/18/2020,7,Residential,TOU,4179.8,5759
M5S,1/18/2020,8,Residential,TOU,4407.3,5759
M5S,1/18/2020,9,Residential,TOU,4814.6,5759
M5S,1/18/2020,10,Residential,TOU,5189.2,5759
M5S,1/18/2020,11,Residential,TOU,5387.4,5759
M5S,1/18/2020,12,Residential,TOU,5688.9,5759
M5S,1/18/2020,13,Residential,TOU,5889,5759
M5S,1/18/2020,14,Residential,TOU,6072.5,5759
M5S,1/18/2020,15,Residential,TOU,6083.2,5759
M5S,1/18/2020,16,Residential,TOU,5941.4,5759
M5S,1/18/2020,17,Residential,TOU,6001.5,5759
M5S,1/18/2020,18,Residential,TOU,6153.1,5759
M5S,1/18/2020,19,Residential,TOU,6255.4,5759
M5S,1/18/2020,20,Residential,TOU,5998.7,5759
M5S,1/18/2020,21,Residential,TOU,5741.8,5759
M5S,1/18/2020,22,Residential,TOU,5572.7,5759
M5S,1/18/2020,23,Residential,TOU,5205.7,5759
M5S,1/18/2020,24,Residential,TOU,4859.3,5759
M5S,1/19/2020,1,Residential,TOU,4496,5759
M5S,1/19/2020,2,Residential,TOU,4197,5759
M5S,1/19/2020,3,Residential,TOU,3948.2,5759
M5S,1/19/2020,4,Residential,TOU,3792.3,5759
M5S,1/19/2020,5,Residential,TOU,3694.6,5759
M5S,1/19/2020,6,Residential,TOU,3686.3,5759
M5S,1/19/2020,7,Residential,TOU,3731.8,5759
M5S,1/19/2020,8,Residential,TOU,3886.7,5759
M5S,1/19/2020,9,Residential,TOU,4310.3,5759
M5S,1/19/2020,10,Residential,TOU,4675.6,5759
M5S,1/19/2020,11,Residential,TOU,5077.5,5759
M5S,1/19/2020,12,Residential,TOU,5313,5759
M5S,1/19/2020,13,Residential,TOU,5547.2,5759
M5S,1/19/2020,14,Residential,TOU,5635.8,5759
M5S,1/19/2020,15,Residential,TOU,5531.3,5759
M5S,1/19/2020,16,Residential,TOU,5457.3,5759
M5S,1/19/2020,17,Residential,TOU,5835.3,5759
M5S,1/19/2020,18,Residential,TOU,6292,5759
M5S,1/19/2020,19,Residential,TOU,6723.8,5759
M5S,1/19/2020,20,Residential,TOU,6748.7,5759
M5S,1/19/2020,21,Residential,TOU,6644.2,5759
M5S,1/19/2020,22,Residential,TOU,6364.3,5759
M5S,1/19/2020,23,Residential,TOU,5991.9,5759
M5S,1/19/2020,24,Residential,TOU,5499.2,5759
M5S,1/20/2020,1,Residential,TOU,5090.5,5759
M5S,1/20/2020,2,Residential,TOU,4682.3,5759
M5S,1/20/2020,3,Residential,TOU,4415.4,5759
M5S,1/20/2020,4,Residential,TOU,4266.9,5759
M5S,1/20/2020,5,Residential,TOU,4247.8,5759
M5S,1/20/2020,6,Residential,TOU,4347,5759
M5S,1/20/2020,7,Residential,TOU,4619.3,5759
M5S,1/20/2020,8,Residential,TOU,5186.2,5759
M5S,1/20/2020,9,Residential,TOU,5427.5,5759
M5S,1/20/2020,10,Residential,TOU,5254.1,5759
M5S,1/20/2020,11,Residential,TOU,5072,5759
M5S,1/20/2020,12,Residential,TOU,5024.8,5759
M5S,1/20/2020,13,Residential,TOU,4976.8,5759
M5S,1/20/2020,14,Residential,TOU,4787.2,5759
M5S,1/20/2020,15,Residential,TOU,4636.3,5759
M5S,1/20/2020,16,Residential,TOU,4585.7,5759
M5S,1/20/2020,17,Residential,TOU,4828.9,5759
M5S,1/20/2020,18,Residential,TOU,5534.8,5759
M5S,1/20/2020,19,Residential,TOU,6255.5,5759
M5S,1/20/2020,20,Residential,TOU,6495.6,5759
M5S,1/20/2020,21,Residential,TOU,6472,5759
M5S,1/20/2020,22,Residential,TOU,6325.4,5759
M5S,1/20/2020,23,Residential,TOU,5892,5759
M5S,1/20/2020,24,Residential,TOU,5440.2,5759
M5S,1/21/2020,1,Residential,TOU,4799.5,5759
M5S,1/21/2020,2,Residential,TOU,4492.2,5759
M5S,1/21/2020,3,Residential,TOU,4220.5,5759
M5S,1/21/2020,4,Residential,TOU,4051.8,5759
M5S,1/21/2020,5,Residential,TOU,4042.7,5759
M5S,1/21/2020,6,Residential,TOU,4096,5759
M5S,1/21/2020,7,Residential,TOU,4352.7,5759
M5S,1/21/2020,8,Residential,TOU,4802.9,5759
M5S,1/21/2020,9,Residential,TOU,5094.4,5759
M5S,1/21/2020,10,Residential,TOU,4999.9,5759
M5S,1/21/2020,11,Residential,TOU,4881.8,5759
M5S,1/21/2020,12,Residential,TOU,4891.3,5759
M5S,1/21/2020,13,Residential,TOU,4910.7,5759
M5S,1/21/2020,14,Residential,TOU,4791.3,5759
M5S,1/21/2020,15,Residential,TOU,4696.1,5759
M5S,1/21/2020,16,Residential,TOU,4740.5,5759
M5S,1/21/2020,17,Residential,TOU,4971.5,5759
M5S,1/21/2020,18,Residential,TOU,5486.1,5759
M5S,1/21/2020,19,Residential,TOU,6055.3,5759
M5S,1/21/2020,20,Residential,TOU,6353.1,5759
M5S,1/21/2020,21,Residential,TOU,6387,5759
M5S,1/21/2020,22,Residential,TOU,6196.5,5759
M5S,1/21/2020,23,Residential,TOU,5915.9,5759
M5S,1/21/2020,24,Residential,TOU,5368.3,5759
M5S,1/22/2020,1,Residential,TOU,4870.7,5758
M5S,1/22/2020,2,Residential,TOU,4509.8,5758
M5S,1/22/2020,3,Residential,TOU,4266.8,5758
M5S,1/22/2020,4,Residential,TOU,4120.5,5758
M5S,1/22/2020,5,Residential,TOU,4053.6,5758
M5S,1/22/2020,6,Residential,TOU,4060.1,5758
M5S,1/22/2020,7,Residential,TOU,4323.7,5758
M5S,1/22/2020,8,Residential,TOU,4873.1,5758
M5S,1/22/2020,9,Residential,TOU,5112,5758
M5S,1/22/2020,10,Residential,TOU,4853,5758
M5S,1/22/2020,11,Residential,TOU,4714.7,5758
M5S,1/22/2020,12,Residential,TOU,4657.6,5758
M5S,1/22/2020,13,Residential,TOU,4569.4,5758
M5S,1/22/2020,14,Residential,TOU,4410.6,5758
M5S,1/22/2020,15,Residential,TOU,4362.6,5758
M5S,1/22/2020,16,Residential,TOU,4407.5,5758
M5S,1/22/2020,17,Residential,TOU,4667.8,5758
M5S,1/22/2020,18,Residential,TOU,5245.5,5758
M5S,1/22/2020,19,Residential,TOU,5698.7,5758
M5S,1/22/2020,20,Residential,TOU,5985.5,5758
M5S,1/22/2020,21,Residential,TOU,5989.7,5758
M5S,1/22/2020,22,Residential,TOU,5913.7,5758
M5S,1/22/2020,23,Residential,TOU,5608.3,5758
M5S,1/22/2020,24,Residential,TOU,5172.5,5758
M5S,1/23/2020,1,Residential,TOU,4681.7,5758
M5S,1/23/2020,2,Residential,TOU,4247.6,5758
M5S,1/23/2020,3,Residential,TOU,4015.4,5758
M5S,1/23/2020,4,Residential,TOU,3816.7,5758
M5S,1/23/2020,5,Residential,TOU,3772,5758
M5S,1/23/2020,6,Residential,TOU,3802.4,5758
M5S,1/23/2020,7,Residential,TOU,4032.5,5758
M5S,1/23/2020,8,Residential,TOU,4565.2,5758
M5S,1/23/2020,9,Residential,TOU,4766.9,5758
M5S,1/23/2020,10,Residential,TOU,4684.9,5758
M5S,1/23/2020,11,Residential,TOU,4632.5,5758
M5S,1/23/2020,12,Residential,TOU,4506.8,5758
M5S,1/23/2020,13,Residential,TOU,4427,5758
M5S,1/23/2020,14,Residential,TOU,4285.7,5758
M5S,1/23/2020,15,Residential,TOU,4215,5758
M5S,1/23/2020,16,Residential,TOU,4234.2,5758
M5S,1/23/2020,17,Residential,TOU,4439.8,5758
M5S,1/23/2020,18,Residential,TOU,4996.7,5758
M5S,1/23/2020,19,Residential,TOU,5485,5758
M5S,1/23/2020,20,Residential,TOU,5638,5758
M5S,1/23/2020,21,Residential,TOU,5667.4,5758
M5S,1/23/2020,22,Residential,TOU,5562.3,5758
M5S,1/23/2020,23,Residential,TOU,5260.4,5758
M5S,1/23/2020,24,Residential,TOU,4809.2,5758
M5S,1/24/2020,1,Residential,TOU,4356.4,5758
M5S,1/24/2020,2,Residential,TOU,3998.9,5758
M5S,1/24/2020,3,Residential,TOU,3710.9,5758
M5S,1/24/2020,4,Residential,TOU,3540,5758
M5S,1/24/2020,5,Residential,TOU,3522.4,5758
M5S,1/24/2020,6,Residential,TOU,3580.9,5758
M5S,1/24/2020,7,Residential,TOU,3825.9,5758
M5S,1/24/2020,8,Residential,TOU,4317.4,5758
M5S,1/24/2020,9,Residential,TOU,4618.6,5758
M5S,1/24/2020,10,Residential,TOU,4554.7,5758
M5S,1/24/2020,11,Residential,TOU,4444.6,5758
M5S,1/24/2020,12,Residential,TOU,4448,5759
M5S,1/24/2020,13,Residential,TOU,4346.6,5759
M5S,1/24/2020,14,Residential,TOU,4346.9,5759
M5S,1/24/2020,15,Residential,TOU,4321,5759
M5S,1/24/2020,16,Residential,TOU,4296.3,5759
M5S,1/24/2020,17,Residential,TOU,4602.3,5759
M5S,1/24/2020,18,Residential,TOU,5087.3,5759
M5S,1/24/2020,19,Residential,TOU,5416.4,5759
M5S,1/24/2020,20,Residential,TOU,5492.1,5759
M5S,1/24/2020,21,Residential,TOU,5399.2,5759
M5S,1/24/2020,22,Residential,TOU,5146.5,5759
M5S,1/24/2020,23,Residential,TOU,4945.6,5759
M5S,1/24/2020,24,Residential,TOU,4638.4,5759
M5S,1/25/2020,1,Residential,TOU,4316.4,5759
M5S,1/25/2020,2,Residential,TOU,3982.4,5759
M5S,1/25/2020,3,Residential,TOU,3697.3,5759
M5S,1/25/2020,4,Residential,TOU,3540,5759
M5S,1/25/2020,5,Residential,TOU,3434.2,5759
M5S,1/25/2020,6,Residential,TOU,3419.5,5759
M5S,1/25/2020,7,Residential,TOU,3496.3,5759
M5S,1/25/2020,8,Residential,TOU,3692,5759
M5S,1/25/2020,9,Residential,TOU,4118.4,5759
M5S,1/25/2020,10,Residential,TOU,4477.4,5759
M5S,1/25/2020,11,Residential,TOU,4817.2,5759
M5S,1/25/2020,12,Residential,TOU,5082.5,5759
M5S,1/25/2020,13,Residential,TOU,5310.1,5759
M5S,1/25/2020,14,Residential,TOU,5248.9,5759
M5S,1/25/2020,15,Residential,TOU,5147.6,5759
M5S,1/25/2020,16,Residential,TOU,5111.6,5759
M5S,1/25/2020,17,Residential,TOU,5223.3,5759
M5S,1/25/2020,18,Residential,TOU,5396.2,5759
M5S,1/25/2020,19,Residential,TOU,5512.2,5759
M5S,1/25/2020,20,Residential,TOU,5414.7,5759
M5S,1/25/2020,21,Residential,TOU,5140,5759
M5S,1/25/2020,22,Residential,TOU,5004.4,5759
M5S,1/25/2020,23,Residential,TOU,4758.6,5759
M5S,1/25/2020,24,Residential,TOU,4491.9,5759
M5S,1/26/2020,1,Residential,TOU,4175.5,5759
M5S,1/26/2020,2,Residential,TOU,3900.4,5759
M5S,1/26/2020,3,Residential,TOU,3622,5759
M5S,1/26/2020,4,Residential,TOU,3474,5759
M5S,1/26/2020,5,Residential,TOU,3376.9,5759
M5S,1/26/2020,6,Residential,TOU,3337.8,5759
M5S,1/26/2020,7,Residential,TOU,3408.7,5759
M5S,1/26/2020,8,Residential,TOU,3546.7,5759
M5S,1/26/2020,9,Residential,TOU,3935.2,5759
M5S,1/26/2020,10,Residential,TOU,4332.9,5759
M5S,1/26/2020,11,Residential,TOU,4692.3,5759
M5S,1/26/2020,12,Residential,TOU,4918.3,5759
M5S,1/26/2020,13,Residential,TOU,5081.2,5759
M5S,1/26/2020,14,Residential,TOU,5146.4,5759
M5S,1/26/2020,15,Residential,TOU,5147.8,5759
M5S,1/26/2020,16,Residential,TOU,5186.9,5759
M5S,1/26/2020,17,Residential,TOU,5348.2,5759
M5S,1/26/2020,18,Residential,TOU,5747.9,5759
M5S,1/26/2020,19,Residential,TOU,6052.2,5759
M5S,1/26/2020,20,Residential,TOU,6001.1,5759
M5S,1/26/2020,21,Residential,TOU,5837.6,5759
M5S,1/26/2020,22,Residential,TOU,5646,5759
M5S,1/26/2020,23,Residential,TOU,5256.6,5759
M5S,1/26/2020,24,Residential,TOU,4741.1,5759
M5S,1/27/2020,1,Residential,TOU,4282.1,5759
M5S,1/27/2020,2,Residential,TOU,3862.9,5759
M5S,1/27/2020,3,Residential,TOU,3602.1,5759
M5S,1/27/2020,4,Residential,TOU,3440.3,5759
M5S,1/27/2020,5,Residential,TOU,3376.8,5759
M5S,1/27/2020,6,Residential,TOU,3445.3,5759
M5S,1/27/2020,7,Residential,TOU,3683,5759
M5S,1/27/2020,8,Residential,TOU,4209.7,5759
M5S,1/27/2020,9,Residential,TOU,4473.3,5759
M5S,1/27/2020,10,Residential,TOU,4389.7,5759
M5S,1/27/2020,11,Residential,TOU,4377.6,5759
M5S,1/27/2020,12,Residential,TOU,4468,5759
M5S,1/27/2020,13,Residential,TOU,4478.3,5759
M5S,1/27/2020,14,Residential,TOU,4318.6,5759
M5S,1/27/2020,15,Residential,TOU,4224.1,5759
M5S,1/27/2020,16,Residential,TOU,4330.5,5759
M5S,1/27/2020,17,Residential,TOU,4514.5,5759
M5S,1/27/2020,18,Residential,TOU,4985.2,5759
M5S,1/27/2020,19,Residential,TOU,5617.2,5759
M5S,1/27/2020,20,Residential,TOU,5845.4,5759
M5S,1/27/2020,21,Residential,TOU,5836,5759
M5S,1/27/2020,22,Residential,TOU,5700.9,5759
M5S,1/27/2020,23,Residential,TOU,5346.1,5759
M5S,1/27/2020,24,Residential,TOU,4802.5,5759
M5S,1/28/2020,1,Residential,TOU,4340.3,5759
M5S,1/28/2020,2,Residential,TOU,3917.8,5759
M5S,1/28/2020,3,Residential,TOU,3631.1,5759
M5S,1/28/2020,4,Residential,TOU,3463,5759
M5S,1/28/2020,5,Residential,TOU,3440,5759
M5S,1/28/2020,6,Residential,TOU,3510.3,5759
M5S,1/28/2020,7,Residential,TOU,3742.5,5759
M5S,1/28/2020,8,Residential,TOU,4292.6,5759
M5S,1/28/2020,9,Residential,TOU,4656.5,5759
M5S,1/28/2020,10,Residential,TOU,4540.9,5759
M5S,1/28/2020,11,Residential,TOU,4466.3,5759
M5S,1/28/2020,12,Residential,TOU,4434.3,5759
M5S,1/28/2020,13,Residential,TOU,4426,5759
M5S,1/28/2020,14,Residential,TOU,4301.6,5759
M5S,1/28/2020,15,Residential,TOU,4177.6,5759
M5S,1/28/2020,16,Residential,TOU,4265,5759
M5S,1/28/2020,17,Residential,TOU,4561.1,5759
M5S,1/28/2020,18,Residential,TOU,5063,5759
M5S,1/28/2020,19,Residential,TOU,5552.6,5759
M5S,1/28/2020,20,Residential,TOU,5698.5,5759
M5S,1/28/2020,21,Residential,TOU,5670.3,5759
M5S,1/28/2020,22,Residential,TOU,5657.4,5759
M5S,1/28/2020,23,Residential,TOU,5301.8,5759
M5S,1/28/2020,24,Residential,TOU,4863.4,5759
M5S,1/29/2020,1,Residential,TOU,4343,5758
M5S,1/29/2020,2,Residential,TOU,4024,5758
M5S,1/29/2020,3,Residential,TOU,3772.9,5758
M5S,1/29/2020,4,Residential,TOU,3660,5758
M5S,1/29/2020,5,Residential,TOU,3653.9,5758
M5S,1/29/2020,6,Residential,TOU,3726.1,5758
M5S,1/29/2020,7,Residential,TOU,4025.2,5758
M5S,1/29/2020,8,Residential,TOU,4574.8,5758
M5S,1/29/2020,9,Residential,TOU,4855.2,5758
M5S,1/29/2020,10,Residential,TOU,4758.2,5758
M5S,1/29/2020,11,Residential,TOU,4672.9,5758
M5S,1/29/2020,12,Residential,TOU,4551.7,5758
M5S,1/29/2020,13,Residential,TOU,4472.4,5758
M5S,1/29/2020,14,Residential,TOU,4351.6,5758
M5S,1/29/2020,15,Residential,TOU,4184.3,5758
M5S,1/29/2020,16,Residential,TOU,4204,5758
M5S,1/29/2020,17,Residential,TOU,4366.7,5758
M5S,1/29/2020,18,Residential,TOU,4934.6,5758
M5S,1/29/2020,19,Residential,TOU,5588.4,5758
M5S,1/29/2020,20,Residential,TOU,5850.6,5758
M5S,1/29/2020,21,Residential,TOU,5857.1,5758
M5S,1/29/2020,22,Residential,TOU,5792.3,5758
M5S,1/29/2020,23,Residential,TOU,5502.7,5758
M5S,1/29/2020,24,Residential,TOU,5062.4,5758
M5S,1/30/2020,1,Residential,TOU,4617.7,5758
M5S,1/30/2020,2,Residential,TOU,4251.5,5758
M5S,1/30/2020,3,Residential,TOU,3973.7,5758
M5S,1/30/2020,4,Residential,TOU,3853.8,5758
M5S,1/30/2020,5,Residential,TOU,3805.8,5758
M5S,1/30/2020,6,Residential,TOU,3877.6,5758
M5S,1/30/2020,7,Residential,TOU,4103.5,5758
M5S,1/30/2020,8,Residential,TOU,4611,5758
M5S,1/30/2020,9,Residential,TOU,4851.7,5758
M5S,1/30/2020,10,Residential,TOU,4808.4,5758
M5S,1/30/2020,11,Residential,TOU,4838.9,5758
M5S,1/30/2020,12,Residential,TOU,4780.6,5758
M5S,1/30/2020,13,Residential,TOU,4722.1,5758
M5S,1/30/2020,14,Residential,TOU,4584.4,5758
M5S,1/30/2020,15,Residential,TOU,4485.6,5758
M5S,1/30/2020,16,Residential,TOU,4516.3,5758
M5S,1/30/2020,17,Residential,TOU,4631.6,5758
M5S,1/30/2020,18,Residential,TOU,5140.8,5758
M5S,1/30/2020,19,Residential,TOU,5630.9,5758
M5S,1/30/2020,20,Residential,TOU,5809.6,5758
M5S,1/30/2020,21,Residential,TOU,5841.4,5758
M5S,1/30/2020,22,Residential,TOU,5812.8,5758
M5S,1/30/2020,23,Residential,TOU,5516.5,5758
M5S,1/30/2020,24,Residential,TOU,5116,5758
M5S,1/31/2020,1,Residential,TOU,4618.9,5758
M5S,1/31/2020,2,Residential,TOU,4214.3,5758
M5S,1/31/2020,3,Residential,TOU,3940.9,5758
M5S,1/31/2020,4,Residential,TOU,3757.8,5758
M5S,1/31/2020,5,Residential,TOU,3720.9,5758
M5S,1/31/2020,6,Residential,TOU,3754.4,5758
M5S,1/31/2020,7,Residential,TOU,3987.8,5758
M5S,1/31/2020,8,Residential,TOU,4425.1,5758
M5S,1/31/2020,9,Residential,TOU,4725.9,5758
M5S,1/31/2020,10,Residential,TOU,4672,5758
M5S,1/31/2020,11,Residential,TOU,4706.4,5758
M5S,1/31/2020,12,Residential,TOU,4668.7,5758
M5S,1/31/2020,13,Residential,TOU,4683,5758
M5S,1/31/2020,14,Residential,TOU,4615,5758
M5S,1/31/2020,15,Residential,TOU,4570.3,5758
M5S,1/31/2020,16,Residential,TOU,4583.5,5758
M5S,1/31/2020,17,Residential,TOU,4761.3,5758
M5S,1/31/2020,18,Residential,TOU,5195.1,5758
M5S,1/31/2020,19,Residential,TOU,5540.5,5758
M5S,1/31/2020,20,Residential,TOU,5541.2,5758
M5S,1/31/2020,21,Residential,TOU,5523.3,5758
M5S,1/31/2020,22,Residential,TOU,5316.7,5758
M5S,1/31/2020,23,Residential,TOU,5046,5758
M5S,1/31/2020,24,Residential,TOU,4806.4,5758